{"active_sessions":{"columns":{"session":{"type":"varchar(255)","null":"NO","default":"","extra":"","comment":""},"player_id":{"type":"int(11)","null":"NO","default":"0","extra":"","comment":""},"session_time":{"type":"int(11)","null":"NO","default":"0","extra":"","comment":""}},"constraints":{"PRIMARY":[{"non_unique":"0","column_name":"session","index_type":"BTREE"}]}},"activities":{"columns":{"o_id":{"type":"int(11)","null":"NO","default":null,"extra":"auto_increment","comment":""},"o_name":{"type":"varchar(255)","null":"NO","default":null,"extra":"","comment":""},"o_description":{"type":"text","null":"NO","default":null,"extra":"","comment":""},"o_createdby":{"type":"varchar(255)","null":"NO","default":null,"extra":"","comment":""},"o_type":{"type":"char(3)","null":"NO","default":null,"extra":"","comment":""},"o_credit":{"type":"int(11)","null":"NO","default":null,"extra":"","comment":""},"o_enabled":{"type":"char(1)","null":"NO","default":null,"extra":"","comment":""},"o_date":{"type":"datetime","null":"NO","default":null,"extra":"","comment":""}},"constraints":{"PRIMARY":[{"non_unique":"0","column_name":"o_id","index_type":"BTREE"}]}},"activity_config":{"columns":{"o_id":{"type":"int(11)","null":"NO","default":null,"extra":"auto_increment","comment":""},"o_free":{"type":"char(1)","null":"NO","default":null,"extra":"","comment":""},"o_credit":{"type":"int(11)","null":"NO","default":null,"extra":"","comment":""}},"constraints":{"PRIMARY":[{"non_unique":"0","column_name":"o_id","index_type":"BTREE"}]}},"activity_pages":{"columns":{"o_id":{"type":"int(11)","null":"NO","default":null,"extra":"auto_increment","comment":""},"o_activitiesid":{"type":"int(11)","null":"NO","default":null,"extra":"","comment":""},"o_content1":{"type":"text","null":"NO","default":null,"extra":"","comment":""},"o_content2":{"type":"text","null":"NO","default":null,"extra":"","comment":""},"o_solution":{"type":"text","null":"NO","default":null,"extra":"","comment":""},"o_type":{"type":"char(3)","null":"NO","default":null,"extra":"","comment":""},"o_date":{"type":"datetime","null":"NO","default":null,"extra":"","comment":""}},"constraints":{"PRIMARY":[{"non_unique":"0","column_name":"o_id","index_type":"BTREE"}]}},"activity_resources":{"columns":{"o_id":{"type":"int(11)","null":"NO","default":null,"extra":"auto_increment","comment":""},"o_activitiesid":{"type":"int(11)","null":"NO","default":null,"extra":"","comment":""},"o_name":{"type":"varchar(255)","null":"NO","default":null,"extra":"","comment":""},"o_data":{"type":"text","null":"NO","default":null,"extra":"","comment":""},"o_type":{"type":"char(3)","null":"NO","default":null,"extra":"","comment":""},"o_date":{"type":"datetime","null":"NO","default":null,"extra":"","comment":""}},"constraints":{"PRIMARY":[{"non_unique":"0","column_name":"o_id","index_type":"BTREE"}]}},"admin_avatar_settings":{"columns":{"o_id":{"type":"int(11)","null":"NO","default":null,"extra":"auto_increment","comment":""},"o_setting":{"type":"int(11)","null":"NO","default":null,"extra":"","comment":""}},"constraints":{"PRIMARY":[{"non_unique":"0","column_name":"o_id","index_type":"BTREE"}]}},"admin_chessboard_colors":{"columns":{"o_id":{"type":"int(11)","null":"NO","default":null,"extra":"auto_increment","comment":""},"o_dcolor":{"type":"varchar(32)","null":"NO","default":null,"extra":"","comment":""},"o_lcolor":{"type":"varchar(32)","null":"NO","default":null,"extra":"","comment":""}},"constraints":{"PRIMARY":[{"non_unique":"0","column_name":"o_id","index_type":"BTREE"}]}},"admin_game_options":{"columns":{"o_id":{"type":"int(11)","null":"NO","default":null,"extra":"auto_increment","comment":""},"o_snail":{"type":"float","null":"NO","default":"30","extra":"","comment":""},"o_slow":{"type":"float","null":"NO","default":"20","extra":"","comment":""},"o_normal":{"type":"float","null":"NO","default":"10","extra":"","comment":""},"o_short":{"type":"float","null":"NO","default":"2","extra":"","comment":""},"o_blitz":{"type":"float","null":"NO","default":"0.01","extra":"","comment":""},"timing_mode":{"type":"int(11)","null":"YES","default":null,"extra":"","comment":""}},"constraints":{"PRIMARY":[{"non_unique":"0","column_name":"o_id","index_type":"BTREE"}],"o_normal":[{"non_unique":"1","column_name":"o_normal","index_type":"BTREE"},{"non_unique":"1","column_name":"o_slow","index_type":"BTREE"}]}},"admin_player_credits":{"columns":{"o_id":{"type":"int(11)","null":"NO","default":null,"extra":"auto_increment","comment":""},"o_credits":{"type":"int(11)","null":"NO","default":null,"extra":"","comment":""},"o_exchangerate":{"type":"decimal(5,2)","null":"NO","default":null,"extra":"","comment":""}},"constraints":{"PRIMARY":[{"non_unique":"0","column_name":"o_id","index_type":"BTREE"}]}},"admin_player_credits_request":{"columns":{"o_id":{"type":"int(11)","null":"NO","default":null,"extra":"auto_increment","comment":""},"o_playerid":{"type":"int(11)","null":"NO","default":null,"extra":"","comment":""},"o_userid":{"type":"varchar(255)","null":"NO","default":null,"extra":"","comment":""},"o_email":{"type":"varchar(255)","null":"NO","default":null,"extra":"","comment":""},"o_credits":{"type":"int(11)","null":"NO","default":null,"extra":"","comment":""},"o_exchangerate":{"type":"decimal(5,2)","null":"NO","default":null,"extra":"","comment":""},"o_totalamount":{"type":"decimal(5,2)","null":"NO","default":null,"extra":"","comment":""},"o_status":{"type":"char(1)","null":"NO","default":null,"extra":"","comment":""},"o_date":{"type":"datetime","null":"NO","default":null,"extra":"","comment":""}},"constraints":{"PRIMARY":[{"non_unique":"0","column_name":"o_id","index_type":"BTREE"}]}},"c4m_admin":{"columns":{"a_id":{"type":"int(11)","null":"NO","default":null,"extra":"auto_increment","comment":""},"a_username":{"type":"varchar(255)","null":"NO","default":"","extra":"","comment":""},"a_password":{"type":"varchar(255)","null":"NO","default":"","extra":"","comment":""},"is_hashed":{"type":"tinyint(1)","null":"NO","default":"0","extra":"","comment":""}},"constraints":{"PRIMARY":[{"non_unique":"0","column_name":"a_id","index_type":"BTREE"}]}},"c4m_autoaccepttournament":{"columns":{"a_id":{"type":"int(11)","null":"NO","default":null,"extra":"auto_increment","comment":""},"a_requiresreg":{"type":"char(2)","null":"NO","default":"","extra":"","comment":""}},"constraints":{"PRIMARY":[{"non_unique":"0","column_name":"a_id","index_type":"BTREE"}]}},"c4m_avatars":{"columns":{"a_playerid":{"type":"int(11)","null":"NO","default":"0","extra":"","comment":""},"a_imgname":{"type":"varchar(255)","null":"YES","default":null,"extra":"","comment":""},"a_datechanges":{"type":"datetime","null":"YES","default":null,"extra":"","comment":""}},"constraints":{"PRIMARY":[{"non_unique":"0","column_name":"a_playerid","index_type":"BTREE"}]}},"c4m_buddylist":{"columns":{"bl_id":{"type":"int(11)","null":"NO","default":null,"extra":"auto_increment","comment":""},"player_id":{"type":"int(11)","null":"NO","default":"0","extra":"","comment":""},"buddy_id":{"type":"int(11)","null":"NO","default":"0","extra":"","comment":""},"bl_date":{"type":"datetime","null":"NO","default":"0000-00-00 00:00:00","extra":"","comment":""}},"constraints":{"PRIMARY":[{"non_unique":"0","column_name":"bl_id","index_type":"BTREE"}]}},"c4m_chessboardcolors":{"columns":{"cc_id":{"type":"int(11)","null":"NO","default":null,"extra":"auto_increment","comment":""},"player_id":{"type":"int(11)","null":"NO","default":"0","extra":"","comment":""},"cc_dcolor":{"type":"varchar(32)","null":"YES","default":null,"extra":"","comment":""},"cc_lcolor":{"type":"varchar(32)","null":"YES","default":null,"extra":"","comment":""}},"constraints":{"PRIMARY":[{"non_unique":"0","column_name":"cc_id","index_type":"BTREE"}]}},"c4m_commandconfig":{"columns":{"o_id":{"type":"int(11)","null":"NO","default":null,"extra":"auto_increment","comment":""},"o_userlimit":{"type":"int(11)","null":"NO","default":"0","extra":"","comment":""},"o_enabletournament":{"type":"char(2)","null":"NO","default":"","extra":"","comment":""},"o_enableplayerimport":{"type":"char(2)","null":"NO","default":"","extra":"","comment":""}},"constraints":{"PRIMARY":[{"non_unique":"0","column_name":"o_id","index_type":"BTREE"}]}},"c4m_emailmessageconfig":{"columns":{"o_id":{"type":"int(11)","null":"NO","default":null,"extra":"auto_increment","comment":""},"o_regover":{"type":"text","null":"NO","default":null,"extra":"","comment":""}},"constraints":{"PRIMARY":[{"non_unique":"0","column_name":"o_id","index_type":"BTREE"}]}},"c4m_frontnews":{"columns":{"f_id":{"type":"int(11)","null":"NO","default":null,"extra":"auto_increment","comment":""},"f_title":{"type":"varchar(100)","null":"NO","default":"","extra":"","comment":""},"f_msg":{"type":"text","null":"NO","default":null,"extra":"","comment":""},"f_date":{"type":"datetime","null":"NO","default":"0000-00-00 00:00:00","extra":"","comment":""}},"constraints":{"PRIMARY":[{"non_unique":"0","column_name":"f_id","index_type":"BTREE"}]}},"c4m_gamechat":{"columns":{"tgc_id":{"type":"int(11)","null":"NO","default":null,"extra":"auto_increment","comment":""},"tgc_gameid":{"type":"varchar(32)","null":"NO","default":"","extra":"","comment":""},"tgc_message":{"type":"text","null":"NO","default":null,"extra":"","comment":""},"tgc_date":{"type":"datetime","null":"NO","default":"0000-00-00 00:00:00","extra":"","comment":""}},"constraints":{"PRIMARY":[{"non_unique":"0","column_name":"tgc_id","index_type":"BTREE"}]}},"c4m_gamedraws":{"columns":{"tm_gameid":{"type":"varchar(32)","null":"NO","default":"","extra":"","comment":""},"tm_b":{"type":"int(11)","null":"YES","default":null,"extra":"","comment":""},"tm_w":{"type":"int(11)","null":"YES","default":null,"extra":"","comment":""}},"constraints":{"PRIMARY":[{"non_unique":"0","column_name":"tm_gameid","index_type":"BTREE"}]}},"c4m_gamerealtime":{"columns":{"gr_gameid":{"type":"varchar(32)","null":"NO","default":"","extra":"","comment":""},"gr_b":{"type":"int(11)","null":"YES","default":null,"extra":"","comment":""},"gr_w":{"type":"int(11)","null":"YES","default":null,"extra":"","comment":""}},"constraints":{"PRIMARY":[{"non_unique":"0","column_name":"gr_gameid","index_type":"BTREE"}]}},"c4m_invalid_players":{"columns":{"player_id":{"type":"int(11)","null":"NO","default":null,"extra":"","comment":""},"olduserid":{"type":"varchar(32)","null":"NO","default":null,"extra":"","comment":""},"newuserid":{"type":"varchar(32)","null":"NO","default":null,"extra":"","comment":""},"datechanged":{"type":"datetime","null":"NO","default":null,"extra":"","comment":""}},"constraints":{"PRIMARY":[{"non_unique":"0","column_name":"player_id","index_type":"BTREE"}]}},"c4m_mainlink":{"columns":{"a_id":{"type":"int(11)","null":"NO","default":null,"extra":"auto_increment","comment":""},"a_name":{"type":"varchar(50)","null":"NO","default":"","extra":"","comment":""},"a_url":{"type":"varchar(255)","null":"NO","default":"","extra":"","comment":""}},"constraints":{"PRIMARY":[{"non_unique":"0","column_name":"a_id","index_type":"BTREE"}]}},"c4m_msginbox":{"columns":{"inbox_id":{"type":"int(11)","null":"NO","default":null,"extra":"auto_increment","comment":""},"player_id":{"type":"int(11)","null":"NO","default":"0","extra":"","comment":""},"message":{"type":"blob","null":"YES","default":null,"extra":"","comment":""},"msg_posted":{"type":"int(11)","null":"YES","default":null,"extra":"","comment":""}},"constraints":{"PRIMARY":[{"non_unique":"0","column_name":"inbox_id","index_type":"BTREE"}]}},"c4m_msgsaved":{"columns":{"saved_id":{"type":"int(11)","null":"NO","default":null,"extra":"auto_increment","comment":""},"player_id":{"type":"int(11)","null":"NO","default":"0","extra":"","comment":""},"message":{"type":"blob","null":"YES","default":null,"extra":"","comment":""},"msg_posted":{"type":"int(11)","null":"YES","default":null,"extra":"","comment":""}},"constraints":{"PRIMARY":[{"non_unique":"0","column_name":"saved_id","index_type":"BTREE"}]}},"c4m_multiuserredemptioncode":{"columns":{"o_id":{"type":"int(11)","null":"NO","default":null,"extra":"auto_increment","comment":""},"o_redemptioncode":{"type":"text","null":"NO","default":null,"extra":"","comment":""},"o_date":{"type":"datetime","null":"NO","default":"0000-00-00 00:00:00","extra":"","comment":""}},"constraints":{"PRIMARY":[{"non_unique":"0","column_name":"o_id","index_type":"BTREE"}]}},"c4m_newgameotherfen":{"columns":{"gameid":{"type":"varchar(32)","null":"NO","default":"","extra":"","comment":""},"fen":{"type":"text","null":"NO","default":null,"extra":"","comment":""}},"constraints":{"PRIMARY":[{"non_unique":"0","column_name":"gameid","index_type":"BTREE"}]}},"c4m_notification":{"columns":{"p_playerid":{"type":"int(11)","null":"NO","default":"0","extra":"","comment":""},"p_move":{"type":"char(1)","null":"NO","default":"","extra":"","comment":""},"p_challange":{"type":"char(1)","null":"NO","default":"","extra":"","comment":""}},"constraints":{"PRIMARY":[{"non_unique":"0","column_name":"p_playerid","index_type":"BTREE"}]}},"c4m_paypal":{"columns":{"a_id":{"type":"int(11)","null":"NO","default":null,"extra":"auto_increment","comment":""},"a_requirespayment":{"type":"char(2)","null":"NO","default":"","extra":"","comment":""}},"constraints":{"PRIMARY":[{"non_unique":"0","column_name":"a_id","index_type":"BTREE"}]}},"c4m_paypalaccount":{"columns":{"p_id":{"type":"int(11)","null":"NO","default":null,"extra":"auto_increment","comment":""},"p_email":{"type":"varchar(255)","null":"NO","default":"","extra":"","comment":""},"p_currency":{"type":"char(3)","null":"NO","default":"","extra":"","comment":""},"p_monthlycharge":{"type":"decimal(5,2)","null":"NO","default":"0.00","extra":"","comment":""}},"constraints":{"PRIMARY":[{"non_unique":"0","column_name":"p_id","index_type":"BTREE"}]}},"c4m_personalinfo":{"columns":{"p_playerid":{"type":"int(11)","null":"NO","default":"0","extra":"","comment":""},"p_fullname":{"type":"varchar(100)","null":"YES","default":null,"extra":"","comment":""},"p_location":{"type":"varchar(100)","null":"YES","default":null,"extra":"","comment":""},"p_age":{"type":"char(3)","null":"YES","default":null,"extra":"","comment":""},"p_selfrating":{"type":"varchar(50)","null":"YES","default":null,"extra":"","comment":""},"p_commentmotto":{"type":"varchar(255)","null":"YES","default":null,"extra":"","comment":""},"p_favouritechessplayer":{"type":"varchar(255)","null":"YES","default":null,"extra":"","comment":""}},"constraints":{"PRIMARY":[{"non_unique":"0","column_name":"p_playerid","index_type":"BTREE"}]}},"c4m_playerorders":{"columns":{"o_id":{"type":"int(11)","null":"NO","default":null,"extra":"auto_increment","comment":""},"o_username":{"type":"varchar(100)","null":"NO","default":"","extra":"","comment":""},"o_firstname":{"type":"varchar(40)","null":"NO","default":"","extra":"","comment":""},"o_lastname":{"type":"varchar(40)","null":"NO","default":"","extra":"","comment":""},"o_address":{"type":"varchar(50)","null":"NO","default":"","extra":"","comment":""},"o_citytown":{"type":"varchar(40)","null":"NO","default":"","extra":"","comment":""},"o_country":{"type":"varchar(40)","null":"NO","default":"","extra":"","comment":""},"o_provincestatearea":{"type":"varchar(40)","null":"NO","default":"","extra":"","comment":""},"o_postalcode":{"type":"varchar(9)","null":"NO","default":"","extra":"","comment":""},"o_email":{"type":"varchar(100)","null":"NO","default":"","extra":"","comment":""},"o_phonea":{"type":"char(3)","null":"NO","default":"","extra":"","comment":""},"o_phoneb":{"type":"char(3)","null":"NO","default":"","extra":"","comment":""},"o_phonec":{"type":"varchar(4)","null":"NO","default":"","extra":"","comment":""},"o_redemptioncode":{"type":"text","null":"YES","default":null,"extra":"","comment":""},"o_dateoforder":{"type":"datetime","null":"NO","default":"0000-00-00 00:00:00","extra":"","comment":""},"o_paymentterm":{"type":"char(2)","null":"NO","default":"","extra":"","comment":""},"o_datepaid":{"type":"datetime","null":"YES","default":null,"extra":"","comment":""},"o_datedue":{"type":"datetime","null":"YES","default":null,"extra":"","comment":""},"o_orderstatus":{"type":"char(2)","null":"NO","default":"","extra":"","comment":""}},"constraints":{"PRIMARY":[{"non_unique":"0","column_name":"o_id","index_type":"BTREE"}]}},"c4m_servermessage":{"columns":{"sm_id":{"type":"int(11)","null":"NO","default":null,"extra":"auto_increment","comment":""},"sm_msg":{"type":"text","null":"NO","default":null,"extra":"","comment":""},"sm_date":{"type":"datetime","null":"NO","default":"0000-00-00 00:00:00","extra":"","comment":""}},"constraints":{"PRIMARY":[{"non_unique":"0","column_name":"sm_id","index_type":"BTREE"}]}},"c4m_skins":{"columns":{"id":{"type":"int(11)","null":"NO","default":null,"extra":"auto_increment","comment":""},"name":{"type":"varchar(255)","null":"NO","default":null,"extra":"","comment":""}},"constraints":{"PRIMARY":[{"non_unique":"0","column_name":"id","index_type":"BTREE"}]}},"c4m_stringtable":{"columns":{"o_id":{"type":"int(11)","null":"NO","default":null,"extra":"auto_increment","comment":""},"o_tag":{"type":"varchar(255)","null":"NO","default":null,"extra":"","comment":""},"o_text":{"type":"text","null":"NO","default":null,"extra":"","comment":""}},"constraints":{"PRIMARY":[{"non_unique":"0","column_name":"o_id","index_type":"BTREE"}]}},"c4m_tipoftheday":{"columns":{"tip_id":{"type":"int(11)","null":"NO","default":null,"extra":"auto_increment","comment":""},"tip_tiptext":{"type":"text","null":"NO","default":null,"extra":"","comment":""},"tip_dateadded":{"type":"datetime","null":"NO","default":"0000-00-00 00:00:00","extra":"","comment":""}},"constraints":{"PRIMARY":[{"non_unique":"0","column_name":"tip_id","index_type":"BTREE"}]}},"c4m_tournament":{"columns":{"t_id":{"type":"int(11)","null":"NO","default":null,"extra":"auto_increment","comment":""},"t_name":{"type":"varchar(32)","null":"NO","default":"","extra":"","comment":""},"t_type":{"type":"varchar(15)","null":"NO","default":"","extra":"","comment":""},"t_playernum":{"type":"int(11)","null":"YES","default":null,"extra":"","comment":""},"t_cutoffdate":{"type":"datetime","null":"NO","default":"0000-00-00 00:00:00","extra":"","comment":""},"t_startdate":{"type":"datetime","null":"NO","default":"0000-00-00 00:00:00","extra":"","comment":""},"t_comment":{"type":"text","null":"YES","default":null,"extra":"","comment":""},"t_status":{"type":"char(1)","null":"NO","default":"","extra":"","comment":""}},"constraints":{"PRIMARY":[{"non_unique":"0","column_name":"t_id","index_type":"BTREE"}]}},"c4m_tournamentgamechat":{"columns":{"tgc_id":{"type":"int(11)","null":"NO","default":null,"extra":"auto_increment","comment":""},"tgc_gameid":{"type":"varchar(32)","null":"NO","default":"","extra":"","comment":""},"tgc_message":{"type":"text","null":"NO","default":null,"extra":"","comment":""},"tgc_date":{"type":"datetime","null":"NO","default":"0000-00-00 00:00:00","extra":"","comment":""}},"constraints":{"PRIMARY":[{"non_unique":"0","column_name":"tgc_id","index_type":"BTREE"}]}},"c4m_tournamentgames":{"columns":{"tg_id":{"type":"int(11)","null":"NO","default":null,"extra":"auto_increment","comment":""},"tg_tmid":{"type":"int(11)","null":"NO","default":"0","extra":"","comment":""},"tg_gameid":{"type":"varchar(32)","null":"NO","default":"","extra":"","comment":""},"tg_playerid":{"type":"int(11)","null":"NO","default":"0","extra":"","comment":""},"tg_otherplayerid":{"type":"int(11)","null":"NO","default":"0","extra":"","comment":""},"tg_playerloggedin":{"type":"char(1)","null":"NO","default":"","extra":"","comment":""},"tg_otherplayerloggedin":{"type":"char(1)","null":"NO","default":"","extra":"","comment":""},"tg_status":{"type":"char(1)","null":"NO","default":"","extra":"","comment":""}},"constraints":{"PRIMARY":[{"non_unique":"0","column_name":"tg_id","index_type":"BTREE"}]}},"c4m_tournamentmatches":{"columns":{"tm_id":{"type":"int(11)","null":"NO","default":null,"extra":"auto_increment","comment":""},"tm_tournamentid":{"type":"int(11)","null":"NO","default":"0","extra":"","comment":""},"tm_status":{"type":"char(1)","null":"NO","default":"","extra":"","comment":""},"tm_starttime":{"type":"datetime","null":"NO","default":"0000-00-00 00:00:00","extra":"","comment":""},"tm_endtime":{"type":"datetime","null":"NO","default":"0000-00-00 00:00:00","extra":"","comment":""}},"constraints":{"PRIMARY":[{"non_unique":"0","column_name":"tm_id","index_type":"BTREE"}]}},"c4m_tournamentplayerpoints":{"columns":{"tpp_id":{"type":"int(11)","null":"NO","default":null,"extra":"auto_increment","comment":""},"tpp_playerid":{"type":"int(11)","null":"NO","default":"0","extra":"","comment":""},"tpp_tournamentid":{"type":"int(11)","null":"NO","default":"0","extra":"","comment":""},"tpp_wins":{"type":"int(11)","null":"NO","default":"0","extra":"","comment":""},"tpp_loss":{"type":"int(11)","null":"NO","default":"0","extra":"","comment":""}},"constraints":{"PRIMARY":[{"non_unique":"0","column_name":"tpp_id","index_type":"BTREE"}]}},"c4m_tournamentplayers":{"columns":{"tp_id":{"type":"int(11)","null":"NO","default":null,"extra":"auto_increment","comment":""},"tp_tournamentid":{"type":"int(11)","null":"NO","default":"0","extra":"","comment":""},"tp_playerid":{"type":"int(11)","null":"NO","default":"0","extra":"","comment":""},"tp_status":{"type":"char(1)","null":"NO","default":"","extra":"","comment":""}},"constraints":{"PRIMARY":[{"non_unique":"0","column_name":"tp_id","index_type":"BTREE"}]}},"c4m_tournamentplayervsplayer":{"columns":{"tpvp_id":{"type":"int(11)","null":"NO","default":null,"extra":"auto_increment","comment":""},"tpvp_tmid":{"type":"int(11)","null":"NO","default":"0","extra":"","comment":""},"tpvp_playerid":{"type":"int(11)","null":"NO","default":"0","extra":"","comment":""},"tpvp_otherplayerid":{"type":"int(11)","null":"NO","default":"0","extra":"","comment":""},"tpvp_status":{"type":"char(1)","null":"NO","default":"","extra":"","comment":""}},"constraints":{"PRIMARY":[{"non_unique":"0","column_name":"tpvp_id","index_type":"BTREE"}]}},"c4m_tournamentteampoints":{"columns":{"ttp_id":{"type":"int(11)","null":"NO","default":null,"extra":"auto_increment","comment":""},"ttp_teamid":{"type":"int(11)","null":"NO","default":"0","extra":"","comment":""},"ttp_tournamentid":{"type":"int(11)","null":"NO","default":"0","extra":"","comment":""},"ttp_wins":{"type":"int(11)","null":"NO","default":"0","extra":"","comment":""},"ttp_loss":{"type":"int(11)","null":"NO","default":"0","extra":"","comment":""}},"constraints":{"PRIMARY":[{"non_unique":"0","column_name":"ttp_id","index_type":"BTREE"}]}},"c4m_tournamentteams":{"columns":{"tt_id":{"type":"int(11)","null":"NO","default":null,"extra":"auto_increment","comment":""},"tt_teamid":{"type":"int(11)","null":"NO","default":"0","extra":"","comment":""},"tt_tournamentid":{"type":"int(11)","null":"NO","default":"0","extra":"","comment":""},"tt_playerid":{"type":"int(11)","null":"NO","default":"0","extra":"","comment":""}},"constraints":{"PRIMARY":[{"non_unique":"0","column_name":"tt_id","index_type":"BTREE"}]}},"c4m_tournamentteams_temp":{"columns":{"tt_id":{"type":"int(11)","null":"NO","default":null,"extra":"auto_increment","comment":""},"tt_teamid":{"type":"int(11)","null":"NO","default":"0","extra":"","comment":""},"tt_tournamentid":{"type":"int(11)","null":"NO","default":"0","extra":"","comment":""},"tt_playerid":{"type":"int(11)","null":"NO","default":"0","extra":"","comment":""}},"constraints":{"PRIMARY":[{"non_unique":"0","column_name":"tt_id","index_type":"BTREE"}]}},"c4m_tournamentteamvsteam":{"columns":{"ttvt_id":{"type":"int(11)","null":"NO","default":null,"extra":"auto_increment","comment":""},"ttvt_tmid":{"type":"int(11)","null":"NO","default":"0","extra":"","comment":""},"ttvt_teamid":{"type":"int(11)","null":"NO","default":"0","extra":"","comment":""},"ttvt_otherteamid":{"type":"int(11)","null":"NO","default":"0","extra":"","comment":""},"ttvt_status":{"type":"char(1)","null":"NO","default":"","extra":"","comment":""}},"constraints":{"PRIMARY":[{"non_unique":"0","column_name":"ttvt_id","index_type":"BTREE"}]}},"c4m_userregistration":{"columns":{"a_id":{"type":"int(11)","null":"NO","default":null,"extra":"auto_increment","comment":""},"a_requiresreg":{"type":"char(2)","null":"NO","default":"","extra":"","comment":""}},"constraints":{"PRIMARY":[{"non_unique":"0","column_name":"a_id","index_type":"BTREE"}]}},"cfg_cron_job":{"columns":{"o_cjid":{"type":"int(11)","null":"NO","default":null,"extra":"auto_increment","comment":""},"o_setting":{"type":"int(11)","null":"NO","default":null,"extra":"","comment":""}},"constraints":{"PRIMARY":[{"non_unique":"0","column_name":"o_cjid","index_type":"BTREE"}]}},"cfg_player_chat":{"columns":{"o_pcid":{"type":"int(11)","null":"NO","default":null,"extra":"auto_increment","comment":""},"o_setting":{"type":"int(11)","null":"NO","default":null,"extra":"","comment":""}},"constraints":{"PRIMARY":[{"non_unique":"0","column_name":"o_pcid","index_type":"BTREE"}]}},"cfm_creategamefen":{"columns":{"o_id":{"type":"int(11)","null":"NO","default":null,"extra":"auto_increment","comment":""},"o_fen":{"type":"varchar(255)","null":"NO","default":null,"extra":"","comment":""}},"constraints":{"PRIMARY":[{"non_unique":"0","column_name":"o_id","index_type":"BTREE"}]}},"cfm_creategamefen_moves":{"columns":{"o_id":{"type":"int(11)","null":"NO","default":null,"extra":"auto_increment","comment":""},"o_cgfid":{"type":"int(11)","null":"NO","default":null,"extra":"","comment":""},"o_move":{"type":"varchar(255)","null":"NO","default":null,"extra":"","comment":""}},"constraints":{"PRIMARY":[{"non_unique":"0","column_name":"o_id","index_type":"BTREE"}]}},"cfm_game_options":{"columns":{"o_gameid":{"type":"varchar(32)","null":"NO","default":null,"extra":"","comment":""},"o_rating":{"type":"varchar(32)","null":"NO","default":null,"extra":"","comment":""},"o_timetype":{"type":"varchar(32)","null":"NO","default":null,"extra":"","comment":""},"time_mode":{"type":"int(11)","null":"YES","default":null,"extra":"","comment":""}},"constraints":{"PRIMARY":[{"non_unique":"0","column_name":"o_gameid","index_type":"BTREE"}]}},"cfm_gamesrealtime":{"columns":{"id":{"type":"varchar(32)","null":"NO","default":null,"extra":"","comment":""},"datecreated":{"type":"datetime","null":"NO","default":null,"extra":"","comment":""}},"constraints":{"PRIMARY":[{"non_unique":"0","column_name":"id","index_type":"BTREE"}]}},"cfm_point_caching":{"columns":{"player_id":{"type":"int(11)","null":"NO","default":null,"extra":"","comment":""},"points":{"type":"int(11)","null":"NO","default":null,"extra":"","comment":""}},"constraints":{"PRIMARY":[{"non_unique":"0","column_name":"player_id","index_type":"BTREE"}]}},"chess_board_type":{"columns":{"o_playerid":{"type":"int(11)","null":"NO","default":null,"extra":"","comment":""},"o_isdragdrop":{"type":"int(11)","null":"NO","default":null,"extra":"","comment":""}},"constraints":{"PRIMARY":[{"non_unique":"0","column_name":"o_playerid","index_type":"BTREE"}]}},"chess_boardstyle":{"columns":{"id":{"type":"int(11)","null":"NO","default":null,"extra":"","comment":""},"style":{"type":"int(11)","null":"NO","default":null,"extra":"","comment":""}},"constraints":{"PRIMARY":[{"non_unique":"0","column_name":"id","index_type":"BTREE"}]}},"chess_club":{"columns":{"o_id":{"type":"int(11)","null":"NO","default":null,"extra":"auto_increment","comment":""},"o_clubname":{"type":"varchar(255)","null":"NO","default":null,"extra":"","comment":""},"o_date":{"type":"datetime","null":"NO","default":null,"extra":"","comment":""}},"constraints":{"PRIMARY":[{"non_unique":"0","column_name":"o_id","index_type":"BTREE"}]}},"chess_club_members":{"columns":{"o_id":{"type":"int(11)","null":"NO","default":null,"extra":"auto_increment","comment":""},"o_chessclubid":{"type":"int(11)","null":"NO","default":null,"extra":"","comment":""},"o_playerid":{"type":"int(11)","null":"NO","default":null,"extra":"","comment":""},"o_owner":{"type":"char(2)","null":"NO","default":null,"extra":"","comment":""},"o_active":{"type":"char(2)","null":"NO","default":null,"extra":"","comment":""}},"constraints":{"PRIMARY":[{"non_unique":"0","column_name":"o_id","index_type":"BTREE"}]}},"chess_club_page":{"columns":{"o_id":{"type":"int(11)","null":"NO","default":null,"extra":"auto_increment","comment":""},"o_chessclubid":{"type":"int(11)","null":"NO","default":null,"extra":"","comment":""},"o_pagehtml":{"type":"text","null":"NO","default":null,"extra":"","comment":""}},"constraints":{"PRIMARY":[{"non_unique":"0","column_name":"o_id","index_type":"BTREE"}]}},"chess_point_value":{"columns":{"o_id":{"type":"int(11)","null":"NO","default":null,"extra":"auto_increment","comment":""},"o_points":{"type":"int(11)","null":"NO","default":null,"extra":"","comment":""}},"constraints":{"PRIMARY":[{"non_unique":"0","column_name":"o_id","index_type":"BTREE"}]}},"ecache":{"columns":{"etimer":{"type":"int(14)","null":"NO","default":"0","extra":"","comment":"Event servertime and 3 digit id"},"etype":{"type":"varchar(1)","null":"NO","default":"m","extra":"","comment":"m=move, c=challange, c=chat"},"eid":{"type":"int(11)","null":"NO","default":null,"extra":"","comment":"ID of the event (move has game id)"},"econtent":{"type":"varchar(255)","null":"NO","default":null,"extra":"","comment":"content of the event"}},"constraints":{"etimer":[{"non_unique":"0","column_name":"etimer","index_type":"BTREE"}]}},"elo_points":{"columns":{"player_id":{"type":"int(11)","null":"NO","default":null,"extra":"","comment":""},"cpoints":{"type":"int(11)","null":"NO","default":null,"extra":"","comment":""},"opoints":{"type":"int(11)","null":"NO","default":null,"extra":"","comment":""}},"constraints":{"PRIMARY":[{"non_unique":"0","column_name":"player_id","index_type":"BTREE"}]}},"email_log":{"columns":{"o_id":{"type":"int(11)","null":"NO","default":null,"extra":"auto_increment","comment":""},"o_to":{"type":"varchar(255)","null":"NO","default":null,"extra":"","comment":""},"o_fromemail":{"type":"varchar(255)","null":"NO","default":null,"extra":"","comment":""},"o_fromname":{"type":"varchar(255)","null":"NO","default":null,"extra":"","comment":""},"o_subject":{"type":"varchar(255)","null":"NO","default":null,"extra":"","comment":""},"o_body":{"type":"text","null":"NO","default":null,"extra":"","comment":""},"o_errormsg":{"type":"varchar(255)","null":"YES","default":null,"extra":"","comment":""},"o_date":{"type":"datetime","null":"NO","default":null,"extra":"","comment":""}},"constraints":{"PRIMARY":[{"non_unique":"0","column_name":"o_id","index_type":"BTREE"}]}},"game":{"columns":{"game_id":{"type":"varchar(32)","null":"NO","default":"","extra":"","comment":""},"initiator":{"type":"int(11)","null":"YES","default":null,"extra":"","comment":""},"w_player_id":{"type":"int(11)","null":"NO","default":"0","extra":"","comment":""},"b_player_id":{"type":"int(11)","null":"NO","default":"0","extra":"","comment":""},"status":{"type":"enum('I','A','T','P','C','W')","null":"YES","default":"W","extra":"","comment":""},"completion_status":{"type":"enum('W','B','D','A','I')","null":"NO","default":"I","extra":"","comment":""},"start_time":{"type":"int(11)","null":"YES","default":null,"extra":"","comment":""},"next_move":{"type":"enum('w','b')","null":"YES","default":null,"extra":"","comment":""},"cast_ws":{"type":"enum('0','1')","null":"NO","default":"1","extra":"","comment":""},"cast_wl":{"type":"enum('0','1')","null":"NO","default":"1","extra":"","comment":""},"cast_bs":{"type":"enum('0','1')","null":"NO","default":"1","extra":"","comment":""},"cast_bl":{"type":"enum('0','1')","null":"NO","default":"1","extra":"","comment":""},"draw_requests":{"type":"enum('white','black','both')","null":"YES","default":null,"extra":"","comment":""},"w_time_used":{"type":"int(11)","null":"YES","default":null,"extra":"","comment":""},"b_time_used":{"type":"int(11)","null":"YES","default":null,"extra":"","comment":""}},"constraints":{"PRIMARY":[{"non_unique":"0","column_name":"game_id","index_type":"BTREE"}]}},"game_fin":{"columns":{"game_id":{"type":"varchar(32)","null":"NO","default":"","extra":"","comment":""},"initiator":{"type":"int(11)","null":"YES","default":null,"extra":"","comment":""},"w_player_id":{"type":"int(11)","null":"NO","default":"0","extra":"","comment":""},"b_player_id":{"type":"int(11)","null":"NO","default":"0","extra":"","comment":""},"status":{"type":"enum('I','A','T','P','C','W')","null":"YES","default":"W","extra":"","comment":""},"completion_status":{"type":"enum('W','B','D','A','I')","null":"NO","default":"D","extra":"","comment":""},"start_time":{"type":"int(11)","null":"YES","default":null,"extra":"","comment":""},"cast_ws":{"type":"enum('0','1')","null":"NO","default":"1","extra":"","comment":""},"cast_wl":{"type":"enum('0','1')","null":"NO","default":"1","extra":"","comment":""},"cast_bs":{"type":"enum('0','1')","null":"NO","default":"1","extra":"","comment":""},"cast_bl":{"type":"enum('0','1')","null":"NO","default":"1","extra":"","comment":""},"movespgn":{"type":"longtext","null":"NO","default":null,"extra":"","comment":""},"movesw":{"type":"longtext","null":"NO","default":null,"extra":"","comment":""},"movesb":{"type":"longtext","null":"NO","default":null,"extra":"","comment":""},"chat":{"type":"longtext","null":"NO","default":null,"extra":"","comment":""}},"constraints":{"PRIMARY":[{"non_unique":"0","column_name":"game_id","index_type":"BTREE"}]}},"language_filter":{"columns":{"o_id":{"type":"int(11)","null":"NO","default":null,"extra":"auto_increment","comment":""},"o_word":{"type":"varchar(255)","null":"YES","default":null,"extra":"","comment":""}},"constraints":{"PRIMARY":[{"non_unique":"0","column_name":"o_id","index_type":"BTREE"}]}},"message_queue":{"columns":{"mid":{"type":"int(11)","null":"NO","default":null,"extra":"auto_increment","comment":""},"player_id":{"type":"int(11)","null":"NO","default":"0","extra":"","comment":""},"message":{"type":"blob","null":"YES","default":null,"extra":"","comment":""},"posted":{"type":"int(11)","null":"YES","default":null,"extra":"","comment":""}},"constraints":{"PRIMARY":[{"non_unique":"0","column_name":"mid","index_type":"BTREE"}]}},"mobile_client_ip":{"columns":{"o_id":{"type":"int(11)","null":"NO","default":null,"extra":"auto_increment","comment":""},"o_playerid":{"type":"int(11)","null":"NO","default":null,"extra":"","comment":""},"o_ip":{"type":"varchar(255)","null":"NO","default":null,"extra":"","comment":""}},"constraints":{"PRIMARY":[{"non_unique":"0","column_name":"o_id","index_type":"BTREE"}]}},"move_history":{"columns":{"move_id":{"type":"int(11)","null":"NO","default":null,"extra":"auto_increment","comment":""},"time":{"type":"int(11)","null":"NO","default":"0","extra":"","comment":""},"player_id":{"type":"int(11)","null":"NO","default":"0","extra":"","comment":""},"move":{"type":"varchar(10)","null":"NO","default":"","extra":"","comment":""},"game_id":{"type":"varchar(32)","null":"NO","default":"","extra":"","comment":""}},"constraints":{"PRIMARY":[{"non_unique":"0","column_name":"move_id","index_type":"BTREE"}]}},"pc_chat_messages":{"columns":{"o_chatid":{"type":"int(11)","null":"NO","default":null,"extra":"auto_increment","comment":""},"o_playerid":{"type":"int(11)","null":"NO","default":null,"extra":"","comment":""},"o_message":{"type":"text","null":"NO","default":null,"extra":"","comment":""},"o_datesent":{"type":"int(11)","null":"NO","default":null,"extra":"","comment":""}},"constraints":{"PRIMARY":[{"non_unique":"0","column_name":"o_chatid","index_type":"BTREE"}]}},"pc_chat_players":{"columns":{"o_cplayer":{"type":"int(11)","null":"NO","default":null,"extra":"auto_increment","comment":""},"o_playerid":{"type":"int(11)","null":"NO","default":null,"extra":"","comment":""},"o_joined":{"type":"int(11)","null":"NO","default":null,"extra":"","comment":""}},"constraints":{"PRIMARY":[{"non_unique":"0","column_name":"o_cplayer","index_type":"BTREE"}]}},"pendingplayer":{"columns":{"player_id":{"type":"int(11)","null":"NO","default":null,"extra":"auto_increment","comment":""},"userid":{"type":"varchar(32)","null":"NO","default":"","extra":"","comment":""},"PASSWORD":{"type":"varchar(255)","null":"NO","default":"","extra":"","comment":""},"signup_time":{"type":"int(11)","null":"NO","default":"0","extra":"","comment":""},"STATUS":{"type":"enum('N','A','I','F','E')","null":"NO","default":"F","extra":"","comment":""},"email":{"type":"varchar(128)","null":"YES","default":null,"extra":"","comment":""}},"constraints":{"PRIMARY":[{"non_unique":"0","column_name":"player_id","index_type":"BTREE"}]}},"player":{"columns":{"player_id":{"type":"int(11)","null":"NO","default":null,"extra":"auto_increment","comment":""},"userid":{"type":"varchar(32)","null":"NO","default":"","extra":"","comment":""},"password":{"type":"varchar(255)","null":"NO","default":"","extra":"","comment":""},"is_hashed":{"type":"tinyint(1)","null":"NO","default":"0","extra":"","comment":""},"signup_time":{"type":"int(11)","null":"NO","default":"0","extra":"","comment":""},"status":{"type":"enum('N','A','I','F','E')","null":"NO","default":"F","extra":"","comment":""},"email":{"type":"varchar(128)","null":"YES","default":null,"extra":"","comment":""}},"constraints":{"PRIMARY":[{"non_unique":"0","column_name":"player_id","index_type":"BTREE"}]}},"player2":{"columns":{"player_id":{"type":"int(11)","null":"NO","default":null,"extra":"auto_increment","comment":""},"userid":{"type":"varchar(32)","null":"NO","default":"","extra":"","comment":""}},"constraints":{"PRIMARY":[{"non_unique":"0","column_name":"player_id","index_type":"BTREE"}]}},"player3":{"columns":{"player_id":{"type":"int(11)","null":"NO","default":null,"extra":"auto_increment","comment":""},"userid":{"type":"varchar(32)","null":"NO","default":"","extra":"","comment":""}},"constraints":{"PRIMARY":[{"non_unique":"0","column_name":"player_id","index_type":"BTREE"}]}},"player_archive":{"columns":{"player_id":{"type":"int(11)","null":"NO","default":null,"extra":"","comment":""},"userid":{"type":"varchar(32)","null":"NO","default":"","extra":"","comment":""},"password":{"type":"varchar(255)","null":"NO","default":"","extra":"","comment":""},"signup_time":{"type":"int(11)","null":"NO","default":"0","extra":"","comment":""},"status":{"type":"enum('N','A','I','F','E')","null":"NO","default":"F","extra":"","comment":""},"email":{"type":"varchar(128)","null":"YES","default":null,"extra":"","comment":""},"a_imgname":{"type":"varchar(255)","null":"YES","default":null,"extra":"","comment":""},"cc_dcolor":{"type":"varchar(32)","null":"YES","default":null,"extra":"","comment":""},"cc_lcolor":{"type":"varchar(32)","null":"YES","default":null,"extra":"","comment":""},"p_move":{"type":"char(1)","null":"NO","default":"","extra":"","comment":""},"p_challange":{"type":"char(1)","null":"NO","default":"","extra":"","comment":""},"p_fullname":{"type":"varchar(100)","null":"YES","default":null,"extra":"","comment":""},"p_location":{"type":"varchar(100)","null":"YES","default":null,"extra":"","comment":""},"p_age":{"type":"char(3)","null":"YES","default":null,"extra":"","comment":""},"p_selfrating":{"type":"varchar(50)","null":"YES","default":null,"extra":"","comment":""},"p_commentmotto":{"type":"varchar(255)","null":"YES","default":null,"extra":"","comment":""},"p_favouritechessplayer":{"type":"varchar(255)","null":"YES","default":null,"extra":"","comment":""},"points":{"type":"int(11)","null":"NO","default":"0","extra":"","comment":""},"style":{"type":"int(11)","null":"NO","default":"0","extra":"","comment":""},"o_isdragdrop":{"type":"int(11)","null":"NO","default":"0","extra":"","comment":""},"cpoints":{"type":"int(11)","null":"NO","default":"0","extra":"","comment":""},"opoints":{"type":"int(11)","null":"NO","default":"0","extra":"","comment":""},"o_credits":{"type":"int(11)","null":"NO","default":"0","extra":"","comment":""}},"constraints":{"PRIMARY":[{"non_unique":"0","column_name":"player_id","index_type":"BTREE"}]}},"player_credits":{"columns":{"o_playerid":{"type":"int(11)","null":"NO","default":null,"extra":"auto_increment","comment":""},"o_credits":{"type":"int(11)","null":"NO","default":null,"extra":"","comment":""}},"constraints":{"PRIMARY":[{"non_unique":"0","column_name":"o_playerid","index_type":"BTREE"}]}},"player_last_login":{"columns":{"o_id":{"type":"int(11)","null":"NO","default":null,"extra":"auto_increment","comment":""},"o_playerid":{"type":"int(11)","null":"NO","default":null,"extra":"","comment":""},"o_date":{"type":"datetime","null":"NO","default":null,"extra":"","comment":""}},"constraints":{"PRIMARY":[{"non_unique":"0","column_name":"o_id","index_type":"BTREE"}]}},"player_purchased_activities":{"columns":{"o_id":{"type":"int(11)","null":"NO","default":null,"extra":"auto_increment","comment":""},"o_playerid":{"type":"int(11)","null":"NO","default":null,"extra":"","comment":""},"o_activitiesid":{"type":"int(11)","null":"NO","default":null,"extra":"","comment":""},"o_credit":{"type":"int(11)","null":"NO","default":null,"extra":"","comment":""},"o_complete":{"type":"char(1)","null":"NO","default":null,"extra":"","comment":""},"o_date":{"type":"datetime","null":"NO","default":null,"extra":"","comment":""}},"constraints":{"PRIMARY":[{"non_unique":"0","column_name":"o_id","index_type":"BTREE"}]}},"player_purchased_activity_pages":{"columns":{"o_id":{"type":"int(11)","null":"NO","default":null,"extra":"auto_increment","comment":""},"o_playerpurchasedactivitiesid":{"type":"int(11)","null":"NO","default":null,"extra":"","comment":""},"o_activitypagesid":{"type":"int(11)","null":"NO","default":null,"extra":"","comment":""},"o_answertype":{"type":"char(3)","null":"NO","default":null,"extra":"","comment":""},"o_date":{"type":"datetime","null":"NO","default":null,"extra":"","comment":""}},"constraints":{"PRIMARY":[{"non_unique":"0","column_name":"o_id","index_type":"BTREE"}]}},"server_email_settings":{"columns":{"o_id":{"type":"int(11)","null":"NO","default":null,"extra":"auto_increment","comment":""},"o_smtp":{"type":"varchar(255)","null":"NO","default":null,"extra":"","comment":""},"o_smtp_port":{"type":"varchar(10)","null":"NO","default":null,"extra":"","comment":""}},"constraints":{"PRIMARY":[{"non_unique":"0","column_name":"o_id","index_type":"BTREE"}]}},"server_language":{"columns":{"o_id":{"type":"int(11)","null":"NO","default":null,"extra":"auto_increment","comment":""},"o_languagefile":{"type":"varchar(255)","null":"NO","default":null,"extra":"","comment":""}},"constraints":{"PRIMARY":[{"non_unique":"0","column_name":"o_id","index_type":"BTREE"}]}},"server_version":{"columns":{"o_id":{"type":"int(11)","null":"NO","default":null,"extra":"auto_increment","comment":""},"o_serverid":{"type":"varchar(255)","null":"NO","default":null,"extra":"","comment":""},"o_major":{"type":"int(11)","null":"NO","default":null,"extra":"","comment":""},"o_minor":{"type":"int(11)","null":"NO","default":null,"extra":"","comment":""},"o_build":{"type":"int(11)","null":"NO","default":null,"extra":"","comment":""}},"constraints":{"PRIMARY":[{"non_unique":"0","column_name":"o_id","index_type":"BTREE"}]}},"smtp_settings":{"columns":{"o_id":{"type":"int(11)","null":"NO","default":null,"extra":"auto_increment","comment":""},"o_user":{"type":"varchar(255)","null":"YES","default":null,"extra":"","comment":""},"o_pass":{"type":"varchar(255)","null":"YES","default":null,"extra":"","comment":""},"o_domain":{"type":"varchar(255)","null":"YES","default":null,"extra":"","comment":""}},"constraints":{"PRIMARY":[{"non_unique":"0","column_name":"o_id","index_type":"BTREE"}]}},"timed_game_stats":{"columns":{"id":{"type":"varchar(32)","null":"NO","default":null,"extra":"","comment":""},"endtimew":{"type":"varchar(100)","null":"NO","default":null,"extra":"","comment":""},"endtimeb":{"type":"varchar(100)","null":"NO","default":null,"extra":"","comment":""},"whitetime":{"type":"varchar(100)","null":"NO","default":null,"extra":"","comment":""},"blacktime":{"type":"varchar(100)","null":"NO","default":null,"extra":"","comment":""},"starttime":{"type":"int(11)","null":"NO","default":null,"extra":"","comment":""},"endtime":{"type":"int(11)","null":"NO","default":null,"extra":"","comment":""},"wtimectrl":{"type":"int(11)","null":"NO","default":null,"extra":"","comment":""},"btimectrl":{"type":"int(11)","null":"NO","default":null,"extra":"","comment":""}},"constraints":{"PRIMARY":[{"non_unique":"0","column_name":"id","index_type":"BTREE"}]}},"timed_games":{"columns":{"id":{"type":"varchar(32)","null":"NO","default":null,"extra":"","comment":""},"moves1":{"type":"int(11)","null":"NO","default":null,"extra":"","comment":""},"time1":{"type":"int(11)","null":"NO","default":null,"extra":"","comment":""},"moves2":{"type":"int(11)","null":"NO","default":null,"extra":"","comment":""},"time2":{"type":"int(11)","null":"NO","default":null,"extra":"","comment":""}},"constraints":{"PRIMARY":[{"non_unique":"0","column_name":"id","index_type":"BTREE"}]}},"v2_tournament_captains":{"columns":{"o_tcapt":{"type":"int(11)","null":"NO","default":null,"extra":"auto_increment","comment":""},"o_ttype":{"type":"int(11)","null":"NO","default":null,"extra":"","comment":""},"o_tid":{"type":"int(11)","null":"NO","default":null,"extra":"","comment":""},"o_playerid":{"type":"int(11)","null":"NO","default":null,"extra":"","comment":""},"o_note":{"type":"text","null":"NO","default":null,"extra":"","comment":""}},"constraints":{"PRIMARY":[{"non_unique":"0","column_name":"o_tcapt","index_type":"BTREE"}]}},"v2_tournament_config_onetomany":{"columns":{"o_totmid":{"type":"int(11)","null":"NO","default":null,"extra":"auto_increment","comment":""},"o_name":{"type":"text","null":"NO","default":null,"extra":"","comment":""},"o_description":{"type":"text","null":"NO","default":null,"extra":"","comment":""},"o_playercutoffdate":{"type":"int(11)","null":"NO","default":null,"extra":"","comment":""},"o_tournamentstartdate":{"type":"int(11)","null":"NO","default":null,"extra":"","comment":""},"o_tournamentenddate":{"type":"int(11)","null":"NO","default":null,"extra":"","comment":""},"o_timezone":{"type":"varchar(10)","null":"NO","default":null,"extra":"","comment":""},"o_gametimeout":{"type":"varchar(20)","null":"NO","default":null,"extra":"","comment":""},"o_playersignuptype":{"type":"int(11)","null":"NO","default":null,"extra":"","comment":""},"o_dateadded":{"type":"datetime","null":"NO","default":null,"extra":"","comment":""},"o_status":{"type":"char(2)","null":"NO","default":null,"extra":"","comment":""}},"constraints":{"PRIMARY":[{"non_unique":"0","column_name":"o_totmid","index_type":"BTREE"}]}},"v2_tournament_console_chat":{"columns":{"o_chatid":{"type":"int(11)","null":"NO","default":null,"extra":"auto_increment","comment":""},"o_ttype":{"type":"int(11)","null":"NO","default":null,"extra":"","comment":""},"o_tid":{"type":"int(11)","null":"NO","default":null,"extra":"","comment":""},"o_playerid":{"type":"int(11)","null":"NO","default":null,"extra":"","comment":""},"o_message":{"type":"text","null":"NO","default":null,"extra":"","comment":""},"o_datesent":{"type":"int(11)","null":"NO","default":null,"extra":"","comment":""}},"constraints":{"PRIMARY":[{"non_unique":"0","column_name":"o_chatid","index_type":"BTREE"}]}},"v2_tournament_console_players":{"columns":{"o_cplayer":{"type":"int(11)","null":"NO","default":null,"extra":"auto_increment","comment":""},"o_ttype":{"type":"int(11)","null":"NO","default":null,"extra":"","comment":""},"o_tid":{"type":"int(11)","null":"NO","default":null,"extra":"","comment":""},"o_playerid":{"type":"int(11)","null":"NO","default":null,"extra":"","comment":""},"o_joined":{"type":"int(11)","null":"NO","default":null,"extra":"","comment":""}},"constraints":{"PRIMARY":[{"non_unique":"0","column_name":"o_cplayer","index_type":"BTREE"}]}},"v2_tournament_game_config":{"columns":{"o_tgc":{"type":"int(11)","null":"NO","default":null,"extra":"auto_increment","comment":""},"o_ttype":{"type":"int(11)","null":"NO","default":null,"extra":"","comment":""},"o_tid":{"type":"int(11)","null":"NO","default":null,"extra":"","comment":""},"o_gameid":{"type":"varchar(32)","null":"NO","default":null,"extra":"","comment":""},"o_wplayerid":{"type":"int(11)","null":"NO","default":null,"extra":"","comment":""},"o_bplayerid":{"type":"int(11)","null":"NO","default":null,"extra":"","comment":""},"o_wplayerln":{"type":"char(2)","null":"NO","default":null,"extra":"","comment":""},"o_bplayerln":{"type":"char(2)","null":"NO","default":null,"extra":"","comment":""},"o_gmtstarttime":{"type":"int(11)","null":"NO","default":null,"extra":"","comment":""},"o_gmtendtime":{"type":"int(11)","null":"NO","default":null,"extra":"","comment":""},"o_status":{"type":"char(2)","null":"NO","default":null,"extra":"","comment":""}},"constraints":{"PRIMARY":[{"non_unique":"0","column_name":"o_tgc","index_type":"BTREE"}]}},"v2_tournament_game_queue":{"columns":{"o_tgq":{"type":"int(11)","null":"NO","default":null,"extra":"auto_increment","comment":""},"o_gameid":{"type":"varchar(32)","null":"NO","default":null,"extra":"","comment":""},"o_pid":{"type":"int(11)","null":"NO","default":null,"extra":"","comment":""},"o_reload":{"type":"char(2)","null":"NO","default":null,"extra":"","comment":""}},"constraints":{"PRIMARY":[{"non_unique":"0","column_name":"o_tgq","index_type":"BTREE"}]}},"v2_tournament_onetomany_chat":{"columns":{"o_chatid":{"type":"int(11)","null":"NO","default":null,"extra":"auto_increment","comment":""},"o_ttype":{"type":"int(11)","null":"NO","default":null,"extra":"","comment":""},"o_tid":{"type":"int(11)","null":"NO","default":null,"extra":"","comment":""},"o_playerid":{"type":"int(11)","null":"NO","default":null,"extra":"","comment":""},"o_message":{"type":"text","null":"NO","default":null,"extra":"","comment":""},"o_mtype":{"type":"char(3)","null":"NO","default":null,"extra":"","comment":""},"o_datesent":{"type":"int(11)","null":"NO","default":null,"extra":"","comment":""}},"constraints":{"PRIMARY":[{"non_unique":"0","column_name":"o_chatid","index_type":"BTREE"}]}},"v2_tournament_onetomany_gamemove_vote":{"columns":{"o_tgmv":{"type":"int(11)","null":"NO","default":null,"extra":"auto_increment","comment":""},"o_gameid":{"type":"varchar(32)","null":"NO","default":null,"extra":"","comment":""},"o_pid":{"type":"int(11)","null":"NO","default":null,"extra":"","comment":""},"o_move":{"type":"varchar(30)","null":"NO","default":null,"extra":"","comment":""},"o_time":{"type":"int(11)","null":"NO","default":null,"extra":"","comment":""}},"constraints":{"PRIMARY":[{"non_unique":"0","column_name":"o_tgmv","index_type":"BTREE"}]}},"v2_tournament_onetomany_players":{"columns":{"o_cplayer":{"type":"int(11)","null":"NO","default":null,"extra":"auto_increment","comment":""},"o_ttype":{"type":"int(11)","null":"NO","default":null,"extra":"","comment":""},"o_tid":{"type":"int(11)","null":"NO","default":null,"extra":"","comment":""},"o_playerid":{"type":"int(11)","null":"NO","default":null,"extra":"","comment":""},"o_joined":{"type":"int(11)","null":"NO","default":null,"extra":"","comment":""}},"constraints":{"PRIMARY":[{"non_unique":"0","column_name":"o_cplayer","index_type":"BTREE"}]}},"v2_tournament_organizers":{"columns":{"o_torg":{"type":"int(11)","null":"NO","default":null,"extra":"auto_increment","comment":""},"o_ttype":{"type":"int(11)","null":"NO","default":null,"extra":"","comment":""},"o_tid":{"type":"int(11)","null":"NO","default":null,"extra":"","comment":""},"o_playerid":{"type":"int(11)","null":"NO","default":null,"extra":"","comment":""}},"constraints":{"PRIMARY":[{"non_unique":"0","column_name":"o_torg","index_type":"BTREE"}]}},"v2_tournament_players":{"columns":{"o_tplayer":{"type":"int(11)","null":"NO","default":null,"extra":"auto_increment","comment":""},"o_ttype":{"type":"int(11)","null":"NO","default":null,"extra":"","comment":""},"o_tid":{"type":"int(11)","null":"NO","default":null,"extra":"","comment":""},"o_playerid":{"type":"int(11)","null":"NO","default":null,"extra":"","comment":""},"o_clubid":{"type":"int(11)","null":"NO","default":null,"extra":"","comment":""},"o_status":{"type":"char(2)","null":"NO","default":null,"extra":"","comment":""},"o_note":{"type":"text","null":"NO","default":null,"extra":"","comment":""}},"constraints":{"PRIMARY":[{"non_unique":"0","column_name":"o_tplayer","index_type":"BTREE"}]}},"whos_online_graph":{"columns":{"o_id":{"type":"int(11)","null":"NO","default":null,"extra":"auto_increment","comment":""},"o_date":{"type":"date","null":"NO","default":null,"extra":"","comment":""},"o_player":{"type":"varchar(255)","null":"NO","default":null,"extra":"","comment":""}},"constraints":{"PRIMARY":[{"non_unique":"0","column_name":"o_id","index_type":"BTREE"}]}}}